timestamp,TASK_MONITOR_TASK,TASK_MONITOR_EXEH_PERSISTOR,TASK_MONITOR_APP_TASK,TASK_MONITOR_SERVICES,TASK_MONITOR_SD_MANAGER,TASK_INSTRUMENTS,TASK_MONITOR_S_X_BAND,TASK_MONITOR_CUBEADCS,TASK_MONITOR_CUBEADCS_FHANDL,TASK_MONITOR_GNSS,TASK_PAYLOAD_SCHEDULER,TASK_TELEMETRY,TASK_TELEMETRY_FILE_SINK,TASK_MONITOR_SP,TASK_MACDRV_DISPATCHER,TASK_MACTL_DISPATCHER,TASK_FWUPD_HANDLER,TASK_ESSA_SP_HANDLER,TASK_NVM,TASK_DATACACHE,TASK_ADCS_TLM,TASK_CONOPS_PERIODIC_EV,TASK_MONITOR_PAYLOAD_CTRL,TASK_BEACONS,TASK_EPS_CTRL,TASK_EPS_I,TASK_EPS_II,TASK_EPS_M,TASK_SYS_CLOCK,TASK_MONITOR_ES_ADCS,TASK_ACTUATOR_CONTROL_SERVICE,TASK_SDS,TASK_AOCS_CNTRL,TASK_SXBAND_SCHED,TASK_CRYPTO_SRV,TASK_MONITOR_TASKS_NUMBER
2024-11-18 01:54:15,464,1356,492,2376,588,10232,-1,1440,3916,-1,-1,2116,1060,-1,1864,4844,2316,3972,2320,2380,1236,788,2812,1924,1476,-1,-1,440,-1,-1,900,-1,1204,-1,9812,-1
2024-11-18 01:54:45,464,1356,492,2376,588,10232,-1,1440,3916,-1,-1,2116,1060,-1,1864,4844,2316,3972,2320,2380,1236,788,2812,1924,1476,-1,-1,440,-1,-1,900,-1,1204,-1,9812,-1
2024-11-18 01:55:15,464,1356,492,2376,588,10232,-1,1440,3916,-1,-1,2116,1060,-1,1864,4844,2316,3972,2320,2380,1236,788,2812,1924,1476,-1,-1,440,-1,-1,900,-1,1204,-1,9812,-1
2024-11-18 01:55:45,464,1356,492,2376,588,10232,-1,1440,3916,-1,-1,2116,1060,-1,1864,4844,2316,3972,2320,2380,1236,788,2812,1924,1476,-1,-1,440,-1,-1,900,-1,1204,-1,9812,-1
2024-11-18 01:56:15,464,1356,492,2376,588,10232,-1,1440,3916,-1,-1,2116,1060,-1,1864,4844,2316,3972,2320,2380,1236,788,2812,1924,1476,-1,-1,440,-1,-1,900,-1,1204,-1,9812,-1
2024-11-18 01:56:45,464,1356,492,2376,588,10232,-1,1440,3916,-1,-1,2116,1060,-1,1864,4844,2316,3972,2320,2380,1236,788,2812,1924,1476,-1,-1,440,-1,-1,900,-1,1204,-1,9812,-1
2024-11-18 01:57:15,464,1356,492,2376,588,10232,-1,1440,3916,-1,-1,2116,1060,-1,1864,4844,2316,3972,2320,2380,1236,788,2812,1924,1476,-1,-1,440,-1,-1,900,-1,1204,-1,9812,-1
2024-11-18 01:57:45,464,1356,492,2376,588,10232,-1,1440,3916,-1,-1,2116,1060,-1,1864,4844,2316,3972,2320,2380,1236,788,2812,1924,1476,-1,-1,440,-1,-1,900,-1,1204,-1,9812,-1
2024-11-18 01:58:15,464,1356,492,2376,588,10232,-1,1440,3916,-1,-1,2116,1060,-1,1864,4844,2316,3972,2320,2380,1236,788,2812,1924,1476,-1,-1,440,-1,-1,900,-1,1204,-1,9812,-1
2024-11-18 01:58:45,464,1356,492,2376,588,10232,-1,1440,3916,-1,-1,2116,1060,-1,1864,4844,2316,3972,2320,2380,1236,788,2812,1924,1476,-1,-1,440,-1,-1,900,-1,1204,-1,9812,-1
2024-11-18 01:59:15,464,1356,492,2376,588,10232,-1,1440,3916,-1,-1,2116,1060,-1,1864,4844,2316,3972,2320,2380,1236,788,2812,1924,1476,-1,-1,440,-1,-1,900,-1,1204,-1,9812,-1
2024-11-18 01:59:45,464,1356,492,2376,588,10232,-1,1440,3916,-1,-1,2116,1060,-1,1864,4844,2316,3972,2320,2380,1236,788,2812,1924,1476,-1,-1,440,-1,-1,900,-1,1204,-1,9812,-1
2024-11-18 02:00:15,464,1356,492,2376,588,10232,-1,1440,3916,-1,-1,2116,1060,-1,1864,4844,2316,3972,2320,2380,1236,788,2812,1924,1476,-1,-1,440,-1,-1,900,-1,1204,-1,9812,-1
2024-11-18 02:00:45,464,1356,492,2376,588,10232,-1,1440,3916,-1,-1,2116,1060,-1,1864,4844,2316,3972,2320,2380,1236,788,2812,1924,1476,-1,-1,440,-1,-1,900,-1,1204,-1,9812,-1
2024-11-18 02:01:15,464,1356,492,2376,588,10232,-1,1440,3916,-1,-1,2116,1060,-1,1864,4844,2316,3972,2320,2380,1236,788,2812,1924,1476,-1,-1,440,-1,-1,900,-1,1204,-1,9812,-1
2024-11-18 02:01:45,464,1356,492,2376,588,10232,-1,1440,3916,-1,-1,2116,1060,-1,1864,4844,2316,3972,2320,2380,1236,788,2812,1924,1476,-1,-1,440,-1,-1,900,-1,1204,-1,9812,-1
2024-11-18 02:02:15,464,1356,492,2376,588,10232,-1,1440,3916,-1,-1,2116,1060,-1,1864,4844,2316,3972,2320,2380,1236,788,2812,1924,1476,-1,-1,440,-1,-1,900,-1,1204,-1,9812,-1
2024-11-18 02:02:45,464,1356,492,2376,588,10232,-1,1440,3916,-1,-1,2116,1060,-1,1864,4844,2316,3972,2320,2380,1236,788,2812,1924,1476,-1,-1,440,-1,-1,900,-1,1204,-1,9812,-1
2024-11-18 02:03:15,464,1356,492,2376,588,10232,-1,1440,3916,-1,-1,2116,1060,-1,1864,4844,2316,3972,2320,2380,1236,788,2812,1924,1476,-1,-1,440,-1,-1,900,-1,1204,-1,9812,-1
2024-11-18 02:03:45,464,1356,492,2376,588,10232,-1,1440,3916,-1,-1,2116,1060,-1,1864,4844,2316,3972,2320,2380,1236,788,2812,1924,1476,-1,-1,440,-1,-1,900,-1,1204,-1,9812,-1
2024-11-18 02:04:15,464,1356,492,2376,588,10232,-1,1440,3916,-1,-1,2116,1060,-1,1864,4844,2316,3972,2320,2380,1236,788,2812,1924,1476,-1,-1,440,-1,-1,900,-1,1204,-1,9812,-1
2024-11-18 02:04:45,464,1356,492,2376,588,10232,-1,1440,3916,-1,-1,2116,1060,-1,1864,4844,2316,3972,2320,2380,1236,788,2812,1924,1476,-1,-1,440,-1,-1,900,-1,1204,-1,9812,-1
2024-11-18 02:05:15,464,1356,492,2376,588,10232,-1,1440,3916,-1,-1,2116,1060,-1,1864,4844,2316,3972,2320,2380,1236,788,2812,1924,1476,-1,-1,440,-1,-1,900,-1,1204,-1,9812,-1
2024-11-18 02:05:45,464,1356,492,2376,588,10232,-1,1440,3916,-1,-1,2116,1060,-1,1864,4844,2316,3972,2320,2380,1236,788,2812,1924,1476,-1,-1,440,-1,-1,900,-1,1204,-1,9812,-1
2024-11-18 02:06:15,464,1356,492,2376,588,10232,-1,1440,3916,-1,-1,2116,1060,-1,1864,4844,2316,3972,2320,2380,1236,788,2812,1924,1476,-1,-1,440,-1,-1,900,-1,1204,-1,9812,-1
2024-11-18 02:06:45,464,1356,492,2376,588,10232,-1,1440,3916,-1,-1,2116,1060,-1,1864,4844,2316,3972,2320,2380,1236,788,2812,1924,1476,-1,-1,440,-1,-1,900,-1,1204,-1,9812,-1
2024-11-18 02:07:15,464,1356,492,2376,588,10232,-1,1440,3916,-1,-1,2116,1060,-1,1864,4844,2316,3972,2320,2380,1236,788,2812,1924,1476,-1,-1,440,-1,-1,900,-1,1204,-1,9812,-1
2024-11-18 02:07:45,464,1356,492,2376,588,10232,-1,1440,3916,-1,-1,2116,1060,-1,1864,4844,2316,3972,2320,2380,1236,788,2812,1924,1476,-1,-1,440,-1,-1,900,-1,1204,-1,9812,-1
2024-11-18 02:08:15,464,1356,492,2376,588,10232,-1,1440,3916,-1,-1,2116,1060,-1,1864,4844,2316,3972,2320,2380,1236,788,2812,1924,1476,-1,-1,440,-1,-1,900,-1,1204,-1,9812,-1
2024-11-18 02:08:45,464,1356,492,2376,588,10232,-1,1440,3916,-1,-1,2116,1060,-1,1864,4844,2316,3972,2320,2380,1236,788,2812,1924,1476,-1,-1,440,-1,-1,900,-1,1204,-1,9812,-1
2024-11-18 02:09:15,464,1356,492,2376,588,10232,-1,1440,3916,-1,-1,2116,1060,-1,1864,4844,2316,3972,2320,2380,1236,788,2812,1924,1476,-1,-1,440,-1,-1,900,-1,1204,-1,9812,-1
2024-11-18 02:09:45,464,1356,492,2376,588,10232,-1,1440,3916,-1,-1,2116,1060,-1,1864,4844,2316,3972,2320,2380,1236,788,2812,1924,1476,-1,-1,440,-1,-1,900,-1,1204,-1,9812,-1
2024-11-18 02:10:15,464,1356,492,2376,588,10232,-1,1440,3916,-1,-1,2116,1060,-1,1864,4844,2316,3972,2320,2380,1236,788,2812,1924,1476,-1,-1,440,-1,-1,900,-1,1204,-1,9812,-1
2024-11-18 02:10:45,464,1356,492,2376,588,10232,-1,1440,3916,-1,-1,2116,1060,-1,1864,4844,2316,3972,2320,2380,1236,788,2812,1924,1476,-1,-1,440,-1,-1,900,-1,1204,-1,9812,-1
2024-11-18 02:11:15,464,1356,492,2376,588,10232,-1,1440,3916,-1,-1,2116,1060,-1,1864,4844,2316,3972,2320,2380,1236,788,2812,1924,1476,-1,-1,440,-1,-1,900,-1,1204,-1,9812,-1
2024-11-18 02:11:45,464,1356,492,2376,588,10232,-1,1440,3916,-1,-1,2116,1060,-1,1864,4844,2316,3972,2320,2380,1236,788,2812,1924,1476,-1,-1,440,-1,-1,900,-1,1204,-1,9812,-1
2024-11-18 02:12:15,464,1356,492,2376,588,10232,-1,1440,3916,-1,-1,2116,1060,-1,1864,4844,2316,3972,2320,2380,1236,788,2812,1924,1476,-1,-1,440,-1,-1,900,-1,1204,-1,9812,-1
2024-11-18 02:12:46,464,1356,492,2376,588,10232,-1,1440,3916,-1,-1,2116,1060,-1,1864,4844,2316,3972,2320,2380,1236,788,2812,1924,1476,-1,-1,440,-1,-1,900,-1,1204,-1,9812,-1
2024-11-18 02:13:16,464,1356,492,2376,588,10232,-1,1440,3916,-1,-1,2116,1060,-1,1864,4844,2316,3972,2320,2380,1236,788,2812,1924,1476,-1,-1,440,-1,-1,900,-1,1204,-1,9812,-1
2024-11-18 02:13:46,464,1356,492,2376,588,10232,-1,1440,3916,-1,-1,2116,1060,-1,1864,4844,2316,3972,2320,2380,1236,788,2812,1924,1476,-1,-1,440,-1,-1,900,-1,1204,-1,9812,-1
2024-11-18 02:14:16,464,1356,492,2376,588,10232,-1,1440,3916,-1,-1,2116,1060,-1,1864,4844,2316,3972,2320,2380,1236,788,2812,1924,1476,-1,-1,440,-1,-1,900,-1,1204,-1,9812,-1
2024-11-18 02:14:46,464,1356,492,2376,588,10232,-1,1440,3916,-1,-1,2116,1060,-1,1864,4844,2316,3972,2320,2380,1236,788,2812,1924,1476,-1,-1,440,-1,-1,900,-1,1204,-1,9812,-1
2024-11-18 02:15:16,464,1356,492,2376,588,10232,-1,1440,3916,-1,-1,2116,1060,-1,1864,4844,2316,3972,2320,2380,1236,788,2812,1924,1476,-1,-1,440,-1,-1,900,-1,1204,-1,9812,-1
2024-11-18 02:15:46,464,1356,492,2376,588,10232,-1,1440,3916,-1,-1,2116,1060,-1,1864,4844,2316,3972,2320,2380,1236,788,2812,1924,1476,-1,-1,440,-1,-1,900,-1,1204,-1,9812,-1
2024-11-18 02:16:16,464,1356,492,2376,588,10232,-1,1440,3916,-1,-1,2116,1060,-1,1864,4844,2316,3972,2320,2380,1236,788,2812,1924,1476,-1,-1,440,-1,-1,900,-1,1204,-1,9812,-1
2024-11-18 02:16:46,464,1356,492,2376,588,10232,-1,1440,3916,-1,-1,2116,1060,-1,1864,4844,2316,3972,2320,2380,1236,788,2812,1924,1476,-1,-1,440,-1,-1,900,-1,1204,-1,9812,-1
2024-11-18 02:17:16,464,1356,492,2376,588,10232,-1,1440,3916,-1,-1,2116,1060,-1,1864,4844,2316,3972,2320,2380,1236,788,2812,1924,1476,-1,-1,440,-1,-1,900,-1,1204,-1,9812,-1
2024-11-18 02:17:46,464,1356,492,2376,588,10232,-1,1440,3916,-1,-1,2116,1060,-1,1864,4844,2316,3972,2320,2380,1236,788,2812,1924,1476,-1,-1,440,-1,-1,900,-1,1204,-1,9812,-1
2024-11-18 02:18:16,464,1356,492,2376,588,10232,-1,1440,3916,-1,-1,2116,1060,-1,1864,4844,2316,3972,2320,2380,1236,788,2812,1924,1476,-1,-1,440,-1,-1,900,-1,1204,-1,9812,-1
2024-11-18 02:18:46,464,1356,492,2376,588,10232,-1,1440,3916,-1,-1,2116,1060,-1,1864,4844,2316,3972,2320,2380,1236,788,2812,1924,1476,-1,-1,440,-1,-1,900,-1,1204,-1,9812,-1
2024-11-18 02:19:16,464,1356,492,2376,588,10232,-1,1440,3916,-1,-1,2116,1060,-1,1864,4844,2316,3972,2320,2380,1236,788,2812,1924,1476,-1,-1,440,-1,-1,900,-1,1204,-1,9812,-1
2024-11-18 02:19:46,464,1356,492,2376,588,10232,-1,1440,3916,-1,-1,2116,1060,-1,1864,4844,2316,3972,2320,2380,1236,788,2812,1924,1476,-1,-1,440,-1,-1,900,-1,1204,-1,9812,-1
2024-11-18 02:20:16,464,1356,492,2376,588,10232,-1,1440,3916,-1,-1,2116,1060,-1,1864,4844,2316,3972,2320,2380,1236,788,2812,1924,1476,-1,-1,440,-1,-1,900,-1,1204,-1,9812,-1
2024-11-18 02:20:46,464,1356,492,2376,588,10232,-1,1440,3916,-1,-1,2116,1060,-1,1864,4844,2316,3972,2320,2380,1236,788,2812,1924,1476,-1,-1,440,-1,-1,900,-1,1204,-1,9812,-1
2024-11-18 02:21:16,464,1356,492,2376,588,10232,-1,1440,3916,-1,-1,2116,1060,-1,1864,4844,2316,3972,2320,2380,1236,788,2812,1924,1476,-1,-1,440,-1,-1,900,-1,1204,-1,9812,-1
2024-11-18 02:21:46,464,1356,492,2376,588,10232,-1,1440,3916,-1,-1,2116,1060,-1,1864,4844,2316,3972,2320,2380,1236,788,2812,1924,1476,-1,-1,440,-1,-1,900,-1,1204,-1,9812,-1
2024-11-18 02:22:16,464,1356,492,2376,588,10232,-1,1440,3916,-1,-1,2116,1060,-1,1864,4844,2316,3972,2320,2380,1236,788,2812,1924,1476,-1,-1,440,-1,-1,900,-1,1204,-1,9812,-1
2024-11-18 02:22:46,464,1356,492,2376,588,10232,-1,1440,3916,-1,-1,2116,1060,-1,1864,4844,2316,3972,2320,2380,1236,788,2812,1924,1476,-1,-1,440,-1,-1,900,-1,1204,-1,9812,-1
2024-11-18 02:23:16,464,1356,492,2376,588,10232,-1,1440,3916,-1,-1,2116,1060,-1,1864,4844,2316,3972,2320,2380,1236,788,2812,1924,1476,-1,-1,440,-1,-1,900,-1,1204,-1,9812,-1
2024-11-18 02:23:46,464,1356,492,2376,588,10232,-1,1440,3916,-1,-1,2116,1060,-1,1864,4844,2316,3972,2320,2380,1236,788,2812,1924,1476,-1,-1,440,-1,-1,900,-1,1204,-1,9812,-1
2024-11-18 02:24:16,464,1356,492,2376,588,10232,-1,1440,3916,-1,-1,2116,1060,-1,1864,4844,2316,3972,2320,2380,1236,788,2812,1924,1476,-1,-1,440,-1,-1,900,-1,1204,-1,9812,-1
2024-11-18 02:24:46,464,1356,492,2376,588,10232,-1,1440,3916,-1,-1,2116,1060,-1,1864,4844,2316,3972,2320,2380,1236,788,2812,1924,1476,-1,-1,440,-1,-1,900,-1,1204,-1,9812,-1
2024-11-18 02:25:16,464,1356,492,2376,588,10232,-1,1440,3916,-1,-1,2116,1060,-1,1864,4844,2316,3972,2320,2380,1236,788,2812,1924,1476,-1,-1,440,-1,-1,900,-1,1204,-1,9812,-1
2024-11-18 02:25:46,464,1356,492,2376,588,10232,-1,1440,3916,-1,-1,2116,1060,-1,1864,4844,2316,3972,2320,2380,1236,788,2812,1924,1476,-1,-1,440,-1,-1,900,-1,1204,-1,9812,-1
2024-11-18 02:26:16,464,1356,492,2376,588,10232,-1,1440,3916,-1,-1,2116,1060,-1,1864,4844,2316,3972,2320,2380,1236,788,2812,1924,1476,-1,-1,440,-1,-1,900,-1,1204,-1,9812,-1
2024-11-18 02:26:46,464,1356,492,2376,588,10232,-1,1440,3916,-1,-1,2116,1060,-1,1864,4844,2316,3972,2320,2380,1236,788,2812,1924,1476,-1,-1,440,-1,-1,900,-1,1204,-1,9812,-1
2024-11-18 02:27:16,464,1356,492,2376,588,10232,-1,1440,3916,-1,-1,2116,1060,-1,1864,4844,2316,3972,2320,2380,1236,788,2812,1924,1476,-1,-1,440,-1,-1,900,-1,1204,-1,9812,-1
2024-11-18 02:27:46,464,1356,492,2376,588,10232,-1,1440,3916,-1,-1,2116,1060,-1,1864,4844,2316,3972,2320,2380,1236,788,2812,1924,1476,-1,-1,440,-1,-1,900,-1,1204,-1,9812,-1
2024-11-18 02:28:16,464,1356,492,2376,588,10232,-1,1440,3916,-1,-1,2116,1060,-1,1864,4844,2316,3972,2320,2380,1236,788,2812,1924,1476,-1,-1,440,-1,-1,900,-1,1204,-1,9812,-1
2024-11-18 02:28:46,464,1356,492,2376,588,10232,-1,1440,3916,-1,-1,2116,1060,-1,1864,4844,2316,3972,2320,2380,1236,788,2812,1924,1476,-1,-1,440,-1,-1,900,-1,1204,-1,9812,-1
2024-11-18 02:29:16,464,1356,492,2376,588,10232,-1,1440,3916,-1,-1,2116,1060,-1,1864,4844,2316,3972,2320,2380,1236,788,2812,1924,1476,-1,-1,440,-1,-1,900,-1,1204,-1,9812,-1
2024-11-18 02:29:46,464,1356,492,2376,588,10232,-1,1440,3916,-1,-1,2116,1060,-1,1864,4844,2316,3972,2320,2380,1236,788,2812,1924,1476,-1,-1,440,-1,-1,900,-1,1204,-1,9812,-1
2024-11-18 02:30:16,464,1356,492,2376,588,10232,-1,1440,3916,-1,-1,2116,1060,-1,1864,4844,2316,3972,2320,2380,1236,788,2812,1924,1476,-1,-1,440,-1,-1,900,-1,1204,-1,9812,-1
2024-11-18 02:30:47,464,1356,492,2376,588,10232,-1,1440,3916,-1,-1,2116,1060,-1,1864,4844,2316,3972,2320,2380,1236,788,2812,1924,1476,-1,-1,440,-1,-1,900,-1,1204,-1,9812,-1
2024-11-18 02:31:17,464,1356,492,2376,588,10232,-1,1440,3916,-1,-1,2116,1060,-1,1864,4844,2316,3972,2320,2380,1236,788,2812,1924,1476,-1,-1,440,-1,-1,900,-1,1204,-1,9812,-1
2024-11-18 02:31:47,464,1356,492,2376,588,10232,-1,1440,3916,-1,-1,2116,1060,-1,1864,4844,2316,3972,2320,2380,1236,788,2812,1924,1476,-1,-1,440,-1,-1,900,-1,1204,-1,9812,-1
2024-11-18 02:32:17,464,1356,492,2376,588,10232,-1,1440,3916,-1,-1,2116,1060,-1,1864,4844,2316,3972,2320,2380,1236,788,2812,1924,1476,-1,-1,440,-1,-1,900,-1,1204,-1,9812,-1
2024-11-18 02:32:47,464,1356,492,2376,588,10232,-1,1440,3916,-1,-1,2116,1060,-1,1864,4844,2316,3972,2320,2380,1236,788,2812,1924,1476,-1,-1,440,-1,-1,900,-1,1204,-1,9812,-1
2024-11-18 02:33:17,464,1356,492,2376,588,10232,-1,1440,3916,-1,-1,2116,1060,-1,1864,4844,2316,3972,2320,2380,1236,788,2812,1924,1476,-1,-1,440,-1,-1,900,-1,1204,-1,9812,-1
2024-11-18 02:33:47,464,1356,492,2376,588,10232,-1,1440,3916,-1,-1,2116,1060,-1,1864,4844,2316,3972,2320,2380,1236,788,2812,1924,1476,-1,-1,440,-1,-1,900,-1,1204,-1,9812,-1
2024-11-18 02:34:17,464,1356,492,2376,588,10232,-1,1440,3916,-1,-1,2116,1060,-1,1864,4844,2316,3972,2320,2380,1236,788,2812,1924,1476,-1,-1,440,-1,-1,900,-1,1204,-1,9812,-1
2024-11-18 02:34:47,464,1356,492,2376,588,10232,-1,1440,3916,-1,-1,2116,1060,-1,1864,4844,2316,3972,2320,2380,1236,788,2812,1924,1476,-1,-1,440,-1,-1,900,-1,1204,-1,9812,-1
2024-11-18 02:35:17,464,1356,492,2376,588,10232,-1,1440,3916,-1,-1,2116,1060,-1,1864,4844,2316,3972,2320,2380,1236,788,2812,1924,1476,-1,-1,440,-1,-1,900,-1,1204,-1,9812,-1
2024-11-18 02:35:47,464,1356,492,2376,588,10232,-1,1440,3916,-1,-1,2116,1060,-1,1864,4844,2316,3972,2320,2380,1236,788,2812,1924,1476,-1,-1,440,-1,-1,900,-1,1204,-1,9812,-1
2024-11-18 02:36:17,464,1356,492,2376,588,10232,-1,1440,3916,-1,-1,2116,1060,-1,1864,4844,2316,3972,2320,2380,1236,788,2812,1924,1476,-1,-1,440,-1,-1,900,-1,1204,-1,9812,-1
2024-11-18 02:36:47,464,1356,492,2376,588,10232,-1,1440,3916,-1,-1,2116,1060,-1,1864,4844,2316,3972,2320,2380,1236,788,2812,1924,1476,-1,-1,440,-1,-1,900,-1,1204,-1,9812,-1
2024-11-18 02:37:17,464,1356,492,2376,588,10232,-1,1440,3916,-1,-1,2116,1060,-1,1864,4844,2316,3972,2320,2380,1236,788,2812,1924,1476,-1,-1,440,-1,-1,900,-1,1204,-1,9812,-1
2024-11-18 02:37:47,464,1356,492,2376,588,10232,-1,1440,3916,-1,-1,2116,1060,-1,1864,4844,2316,3972,2320,2380,1236,788,2812,1924,1476,-1,-1,440,-1,-1,900,-1,1204,-1,9812,-1
2024-11-18 02:38:17,464,1356,492,2376,588,10232,-1,1440,3916,-1,-1,2116,1060,-1,1864,4844,2316,3972,2320,2380,1236,788,2812,1924,1476,-1,-1,440,-1,-1,900,-1,1204,-1,9812,-1
2024-11-18 02:38:47,464,1356,492,2376,588,10232,-1,1440,3916,-1,-1,2116,1060,-1,1864,4844,2316,3972,2320,2380,1236,788,2812,1924,1476,-1,-1,440,-1,-1,900,-1,1204,-1,9812,-1
2024-11-18 02:39:17,464,1356,492,2376,588,10232,-1,1440,3916,-1,-1,2116,1060,-1,1864,4844,2316,3972,2320,2380,1236,788,2812,1924,1476,-1,-1,440,-1,-1,900,-1,1204,-1,9812,-1
2024-11-18 02:39:47,464,1356,492,2376,588,10232,-1,1440,3916,-1,-1,2116,1060,-1,1864,4844,2316,3972,2320,2380,1236,788,2812,1924,1476,-1,-1,440,-1,-1,900,-1,1204,-1,9812,-1
2024-11-18 02:40:17,464,1356,492,2376,588,10232,-1,1440,3916,-1,-1,2116,1060,-1,1864,4844,2316,3972,2320,2380,1236,788,2812,1924,1476,-1,-1,440,-1,-1,900,-1,1204,-1,9812,-1
2024-11-18 02:40:47,464,1356,492,2376,588,10232,-1,1440,3916,-1,-1,2116,1060,-1,1864,4844,2316,3972,2320,2380,1236,788,2812,1924,1476,-1,-1,440,-1,-1,900,-1,1204,-1,9812,-1
2024-11-18 02:41:17,464,1356,492,2376,588,10232,-1,1440,3916,-1,-1,2116,1060,-1,1864,4844,2316,3972,2320,2380,1236,788,2812,1924,1476,-1,-1,440,-1,-1,900,-1,1204,-1,9812,-1
2024-11-18 02:41:47,464,1356,492,2376,588,10232,-1,1440,3916,-1,-1,2116,1060,-1,1864,4844,2316,3972,2320,2380,1236,788,2812,1924,1476,-1,-1,440,-1,-1,900,-1,1204,-1,9812,-1
2024-11-18 02:42:17,464,1356,492,2376,588,10232,-1,1440,3916,-1,-1,2116,1060,-1,1864,4844,2316,3972,2320,2380,1236,788,2812,1924,1476,-1,-1,440,-1,-1,900,-1,1204,-1,9812,-1
2024-11-18 02:42:47,464,1356,492,2376,588,10232,-1,1440,3916,-1,-1,2116,1060,-1,1864,4844,2316,3972,2320,2380,1236,788,2812,1924,1476,-1,-1,440,-1,-1,900,-1,1204,-1,9812,-1
2024-11-18 02:43:17,464,1356,492,2376,588,10232,-1,1440,3916,-1,-1,2116,1060,-1,1864,4844,2316,3972,2320,2380,1236,788,2812,1924,1476,-1,-1,440,-1,-1,900,-1,1204,-1,9812,-1
2024-11-18 02:43:47,464,1356,492,2376,588,10232,-1,1440,3916,-1,-1,2116,1060,-1,1864,4844,2316,3972,2320,2380,1236,788,2812,1924,1476,-1,-1,440,-1,-1,900,-1,1204,-1,9812,-1
2024-11-18 02:44:17,464,1356,492,2376,588,10232,-1,1440,3916,-1,-1,2116,1060,-1,1864,4844,2316,3972,2320,2380,1236,788,2812,1924,1476,-1,-1,440,-1,-1,900,-1,1204,-1,9812,-1
2024-11-18 02:44:47,464,1356,492,2376,588,10232,-1,1440,3916,-1,-1,2116,1060,-1,1864,4844,2316,3972,2320,2380,1236,788,2812,1924,1476,-1,-1,440,-1,-1,900,-1,1204,-1,9812,-1
2024-11-18 02:45:17,464,1356,492,2376,588,10232,-1,1440,3916,-1,-1,2116,1060,-1,1864,4844,2316,3972,2320,2380,1236,788,2812,1924,1476,-1,-1,440,-1,-1,900,-1,1204,-1,9812,-1
2024-11-18 02:45:47,464,1356,492,2376,588,10232,-1,1440,3916,-1,-1,2116,1060,-1,1864,4844,2316,3972,2320,2380,1236,788,2812,1924,1476,-1,-1,440,-1,-1,900,-1,1204,-1,9812,-1
2024-11-18 02:46:17,464,1356,492,2376,588,10232,-1,1440,3916,-1,-1,2116,1060,-1,1864,4844,2316,3972,2320,2380,1236,788,2812,1924,1476,-1,-1,440,-1,-1,900,-1,1204,-1,9812,-1
2024-11-18 02:46:47,464,1356,492,2376,588,10232,-1,1440,3916,-1,-1,2116,1060,-1,1864,4844,2316,3972,2320,2380,1236,788,2812,1924,1476,-1,-1,440,-1,-1,900,-1,1204,-1,9812,-1
2024-11-18 02:47:17,464,1356,492,2376,588,10232,-1,1440,3916,-1,-1,2116,1060,-1,1864,4844,2316,3972,2320,2380,1236,788,2812,1924,1476,-1,-1,440,-1,-1,900,-1,1204,-1,9812,-1
2024-11-18 02:47:47,464,1356,492,2376,588,10232,-1,1440,3916,-1,-1,2116,1060,-1,1864,4844,2316,3972,2320,2380,1236,788,2812,1924,1476,-1,-1,440,-1,-1,900,-1,1204,-1,9812,-1
2024-11-18 02:48:17,464,1356,492,2376,588,10232,-1,1440,3916,-1,-1,2116,1060,-1,1864,4844,2316,3972,2320,2380,1236,788,2812,1924,1476,-1,-1,440,-1,-1,900,-1,1204,-1,9812,-1
2024-11-18 02:48:48,464,1356,492,2376,588,10232,-1,1440,3916,-1,-1,2116,1060,-1,1864,4844,2316,3972,2320,2380,1236,788,2812,1924,1476,-1,-1,440,-1,-1,900,-1,1204,-1,9812,-1
2024-11-18 02:49:18,464,1356,492,2376,588,10232,-1,1440,3916,-1,-1,2116,1060,-1,1864,4844,2316,3972,2320,2380,1236,788,2812,1924,1476,-1,-1,440,-1,-1,900,-1,1204,-1,9812,-1
2024-11-18 02:49:48,464,1356,492,2376,588,10232,-1,1440,3916,-1,-1,2116,1060,-1,1864,4844,2316,3972,2320,2380,1236,788,2812,1924,1476,-1,-1,440,-1,-1,900,-1,1204,-1,9812,-1
2024-11-18 02:50:18,464,1356,492,2376,588,10232,-1,1440,3916,-1,-1,2116,1060,-1,1864,4844,2316,3972,2320,2380,1236,788,2812,1924,1476,-1,-1,440,-1,-1,900,-1,1204,-1,9812,-1
2024-11-18 02:50:48,464,1356,492,2376,588,10232,-1,1440,3916,-1,-1,2116,1060,-1,1864,4844,2316,3972,2320,2380,1236,788,2812,1924,1476,-1,-1,440,-1,-1,900,-1,1204,-1,9812,-1
2024-11-18 02:51:18,464,1356,492,2376,588,10232,-1,1440,3916,-1,-1,2116,1060,-1,1864,4844,2316,3972,2320,2380,1236,788,2812,1924,1476,-1,-1,440,-1,-1,900,-1,1204,-1,9812,-1
2024-11-18 02:51:48,464,1356,492,2376,588,10232,-1,1440,3916,-1,-1,2116,1060,-1,1864,4844,2316,3972,2320,2380,1236,788,2812,1924,1476,-1,-1,440,-1,-1,900,-1,1204,-1,9812,-1
2024-11-18 02:52:18,464,1356,492,2376,588,10232,-1,1440,3916,-1,-1,2116,1060,-1,1864,4844,2316,3972,2320,2380,1236,788,2812,1924,1476,-1,-1,440,-1,-1,900,-1,1204,-1,9812,-1
2024-11-18 02:52:48,464,1356,492,2376,588,10232,-1,1440,3916,-1,-1,2116,1060,-1,1864,4844,2316,3972,2320,2380,1236,788,2812,1924,1476,-1,-1,440,-1,-1,900,-1,1204,-1,9812,-1
2024-11-18 02:53:18,464,1356,492,2376,588,10232,-1,1440,3916,-1,-1,2116,1060,-1,1864,4844,2316,3972,2320,2380,1236,788,2812,1924,1476,-1,-1,440,-1,-1,900,-1,1204,-1,9812,-1
2024-11-18 02:53:48,464,1356,492,2376,588,10232,-1,1440,3916,-1,-1,2116,1060,-1,1864,4844,2316,3972,2320,2380,1236,788,2812,1924,1476,-1,-1,440,-1,-1,900,-1,1204,-1,9812,-1
2024-11-18 02:54:18,464,1356,492,2376,588,10232,-1,1440,3916,-1,-1,2116,1060,-1,1864,4844,2316,3972,2320,2380,1236,788,2812,1924,1476,-1,-1,440,-1,-1,900,-1,1204,-1,9812,-1
2024-11-18 02:54:48,464,1356,492,2376,588,10232,-1,1440,3916,-1,-1,2116,1060,-1,1864,4844,2316,3972,2320,2380,1236,788,2812,1924,1476,-1,-1,440,-1,-1,900,-1,1204,-1,9812,-1
2024-11-18 02:55:18,464,1356,492,2376,588,10232,-1,1440,3916,-1,-1,2116,1060,-1,1864,4844,2316,3972,2320,2380,1236,788,2812,1924,1476,-1,-1,440,-1,-1,900,-1,1204,-1,9812,-1
